{
  "A2C": {
    "algorithm": "A2C",
    "n_episodes": 50,
    "success_rate": 0.88,
    "collision_rate": 0.12,
    "mean_reward": 72.16229291558912,
    "std_reward": 29.928457587040985,
    "mean_episode_length": 37.66,
    "mean_completion_time": 41.54545454545455,
    "mean_safety_achievement_time": null,
    "reward_per_step": 1.916152228241878,
    "evaluation_time_seconds": 31.97570514678955,
    "consecutive_safe_episodes_max": 2,
    "total_successful_completions": 44,
    "total_collisions": 6,
    "mean_distance_traveled": 0.0,
    "raw_episode_rewards": [
      -10.001675747102436,
      91.95995813691357,
      91.83699221263933,
      77.79234401703258,
      77.79234401703258,
      79.23617096704496,
      79.10385023399581,
      79.23617096704496,
      93.21958777788868,
      79.23617096704496,
      79.23617096704496,
      93.38266391924009,
      79.23617096704496,
      78.81383303718795,
      -3.3530121096610674,
      79.11720953729306,
      79.07560128365799,
      79.11720953729306,
      79.23617096704496,
      79.10194844415497,
      79.23617096704496,
      80.4117653520773,
      79.23617096704496,
      77.72098223042545,
      79.23617096704496,
      -12.363244287112945,
      79.10385023399581,
      77.76070615149936,
      79.10062624289091,
      130.9301034283058,
      5.342595660085118,
      80.23489959936244,
      79.21512211157278,
      -12.404779491737234,
      79.11384054997333,
      79.21512211157278,
      114.29208389013485,
      79.23617096704496,
      79.23617096704496,
      79.23617096704496,
      78.80280182962927,
      79.23617096704496,
      77.79234401703258,
      79.10602423974069,
      78.92866264800848,
      77.72098223042545,
      79.23617096704496,
      5.712994429995204,
      93.51958777788869,
      82.59232698749423
    ],
    "raw_episode_lengths": [
      5,
      31,
      31,
      43,
      43,
      44,
      44,
      44,
      31,
      44,
      44,
      31,
      44,
      44,
      10,
      44,
      44,
      44,
      44,
      44,
      44,
      45,
      44,
      43,
      44,
      3,
      44,
      43,
      44,
      31,
      17,
      45,
      44,
      3,
      44,
      44,
      31,
      44,
      44,
      44,
      44,
      44,
      43,
      44,
      44,
      43,
      44,
      17,
      31,
      31
    ],
    "raw_completion_times": [
      31,
      31,
      43,
      43,
      44,
      44,
      44,
      31,
      44,
      44,
      31,
      44,
      44,
      44,
      44,
      44,
      44,
      44,
      44,
      45,
      44,
      43,
      44,
      44,
      43,
      44,
      31,
      45,
      44,
      44,
      44,
      31,
      44,
      44,
      44,
      44,
      44,
      43,
      44,
      44,
      43,
      44,
      31,
      31
    ],
    "raw_safety_achievement_times": [],
    "near_miss_frequency": 0.0,
    "safety_margin_analysis": 140.0045757776174,
    "performance_consistency": 29.928457587040985,
    "mean_comfort_score": 1.8602830155089416,
    "action_distribution": {
      "0": 273,
      "4": 53,
      "2": 1548,
      "3": 9
    }
  },
  "DQN": {
    "algorithm": "DQN",
    "n_episodes": 50,
    "success_rate": 0.3,
    "collision_rate": 0.7,
    "mean_reward": 29.88323035141936,
    "std_reward": 55.680185462307975,
    "mean_episode_length": 13.02,
    "mean_completion_time": 31.533333333333335,
    "mean_safety_achievement_time": null,
    "reward_per_step": 2.2951789824438835,
    "evaluation_time_seconds": 11.530561208724976,
    "consecutive_safe_episodes_max": 0,
    "total_successful_completions": 15,
    "total_collisions": 35,
    "mean_distance_traveled": 0.0,
    "raw_episode_rewards": [
      104.98225016476235,
      -7.00677478292624,
      -13.290051902787035,
      -3.71021768876067,
      18.53253776310398,
      123.56461681884676,
      -13.277067662490422,
      104.98225016476235,
      -4.386457633180905,
      -6.973443047398445,
      -1.7301656457820815,
      105.0044274347571,
      -11.734741776204318,
      -13.295699763272667,
      -6.622783918396887,
      -4.405956791439181,
      104.98225016476235,
      -6.626354894844238,
      -2.251863196933801,
      -6.671854717129082,
      -13.276526061201439,
      129.66225971748185,
      118.21690448423301,
      -13.286129376113086,
      -6.988664902378042,
      129.66225971748185,
      77.80977045824474,
      -4.3890403409153365,
      -3.7089972664669713,
      104.98225016476235,
      129.66225971748185,
      104.98225016476235,
      -13.299751745515081,
      -13.296363094230099,
      -13.27236624520871,
      3.7821629464930044,
      105.5044274347571,
      -13.29744706353274,
      104.98225016476235,
      -6.9155145783017895,
      -13.296564837252447,
      -13.282408110311362,
      -6.68064756603633,
      -6.5168654163833475,
      -4.287366782927968,
      104.98225016476235,
      -13.277307326503202,
      105.5044274347571,
      -13.286748431009773,
      -13.278144944173029
    ],
    "raw_episode_lengths": [
      31,
      5,
      2,
      6,
      13,
      31,
      2,
      31,
      6,
      5,
      7,
      31,
      3,
      2,
      5,
      6,
      31,
      5,
      7,
      5,
      2,
      31,
      31,
      2,
      5,
      31,
      39,
      6,
      6,
      31,
      31,
      31,
      2,
      2,
      2,
      8,
      31,
      2,
      31,
      5,
      2,
      2,
      5,
      5,
      6,
      31,
      2,
      31,
      2,
      2
    ],
    "raw_completion_times": [
      31,
      31,
      31,
      31,
      31,
      31,
      31,
      39,
      31,
      31,
      31,
      31,
      31,
      31,
      31
    ],
    "raw_safety_achievement_times": [],
    "near_miss_frequency": 0.0,
    "safety_margin_analysis": 82.24498102768726,
    "performance_consistency": 55.680185462307975,
    "mean_comfort_score": 1.8074768507087577,
    "action_distribution": {
      "1": 242,
      "0": 396,
      "3": 10,
      "4": 3
    }
  },
  "PPO": {
    "algorithm": "PPO",
    "n_episodes": 50,
    "success_rate": 0.86,
    "collision_rate": 0.14,
    "mean_reward": 99.35698577431648,
    "std_reward": 47.34547295568203,
    "mean_episode_length": 29.0,
    "mean_completion_time": 31.25581395348837,
    "mean_safety_achievement_time": null,
    "reward_per_step": 3.426102957735051,
    "evaluation_time_seconds": 24.956358909606934,
    "consecutive_safe_episodes_max": 5,
    "total_successful_completions": 43,
    "total_collisions": 7,
    "mean_distance_traveled": 0.0,
    "raw_episode_rewards": [
      82.42242353798086,
      148.98162804054496,
      -6.164394358661996,
      148.98162804054496,
      111.2683967082701,
      3.0996208742973543,
      0.8816959356996552,
      106.50201417738228,
      111.46841462580021,
      102.12200493127985,
      144.1730681142151,
      81.4568632609323,
      97.52198998874663,
      125.69573843746117,
      148.98162804054496,
      148.98162804054496,
      89.6517181777734,
      77.73183889880839,
      148.98162804054496,
      97.6524925763812,
      128.36839599699215,
      -6.239535423724057,
      144.1730681142151,
      92.90258058506424,
      0.96426344874763,
      77.99567409725672,
      99.1895116619868,
      97.6524925763812,
      93.10258058506423,
      92.05247763384821,
      4.72805015204905,
      148.98162804054496,
      148.98162804054496,
      89.6517181777734,
      148.98162804054496,
      91.26377825319103,
      93.10258058506423,
      73.14962027438555,
      116.59814844431725,
      148.98162804054496,
      106.55201417738228,
      77.52158194740255,
      148.98162804054496,
      118.36839714463366,
      -3.1714118991919396,
      144.1730681142151,
      118.31839714463366,
      148.98162804054496,
      104.1684145512309,
      148.98162804054496
    ],